unknown,RV_RETURN_VALUE_IGNORED_BAD_PRACTICE,maven-dependency-plugin,fe042daf06f3c73d1377afa601361072288bdf78,src/main/java/org/apache/maven/plugin/dependency/utils/DependencyUtil.java,108,108
unknown,RV_RETURN_VALUE_IGNORED_BAD_PRACTICE,maven-dependency-plugin,fe042daf06f3c73d1377afa601361072288bdf78,src/main/java/org/apache/maven/plugin/dependency/utils/DependencyUtil.java,135,135
unknown,DM_DEFAULT_ENCODING,maven-dependency-plugin,6401e35e890d495aadaeacd934ae381e900d6e4b,src/main/java/org/apache/maven/plugin/dependency/AnalyzeDuplicateMojo.java,67,67
unknown,UWF_UNWRITTEN_FIELD,maven-dependency-plugin,fe042daf06f3c73d1377afa601361072288bdf78,src/main/java/org/apache/maven/plugin/dependency/resolvers/ResolvePluginsMojo.java,73,73
unknown,UWF_FIELD_NOT_INITIALIZED_IN_CONSTRUCTOR,maven-dependency-plugin,f5fab12be70287c7e2aeb48ed7085c99a42a1276,src/main/java/org/apache/maven/plugin/dependency/AnalyzeDepMgt.java,161,161
open,RCN_REDUNDANT_NULLCHECK_WOULD_HAVE_BEEN_A_NPE,maven-dependency-plugin,54d95f7b21b47c7318a84f9a296ba9caa0889ac7,src/main/java/org/apache/maven/plugin/dependency/fromDependencies/BuildClasspathMojo.java,332,332
unknown,RCN_REDUNDANT_NULLCHECK_WOULD_HAVE_BEEN_A_NPE,maven-dependency-plugin,07369da348fe55dd8e4907367c62a5d72380e47d,src/main/java/org/apache/maven/plugin/dependency/fromDependencies/BuildClasspathMojo.java,335,335
unknown,MF_CLASS_MASKS_FIELD,maven-dependency-plugin,de601ea3c3e2b880229755b502f0b24c83d2b942,src/main/java/org/apache/maven/plugin/dependency/fromConfiguration/AbstractFromConfigurationMojo.java,-1,-1
unknown,WMI_WRONG_MAP_ITERATOR,maven-dependency-plugin,c5751705d9e618971b63f0c0bcd6af84e79e6048,src/main/java/org/apache/maven/plugin/dependency/AnalyzeDepMgt.java,173,173
close,EI_EXPOSE_REP2,maven-dependency-plugin,c115fda2f80b4a562ac86d4a39b2aa476eb66042,src/main/java/org/apache/maven/plugin/dependency/utils/DependencyStatusSets.java,68,68
open,UWF_UNWRITTEN_FIELD,maven-dependency-plugin,28aef7489af2f7c2452ae03426fe05427d9144e7,src/main/java/org/apache/maven/plugin/dependency/AnalyzeMojo.java,100,100
close,UWF_UNWRITTEN_FIELD,maven-dependency-plugin,7196ab8588b0c4b79f64c4aeace875b989ade676,src/main/java/org/apache/maven/plugin/dependency/resolvers/ResolvePluginsMojo.java,73,73
unknown,NP_UNWRITTEN_FIELD,maven-dependency-plugin,b32456593877b5cc0ba115a07391bbe94f7eb095,src/main/java/org/apache/maven/plugin/dependency/utils/translators/ClassifierTypeTranslator.java,62,62
unknown,UWF_UNWRITTEN_FIELD,maven-dependency-plugin,30e6197284363df69fc6b3b2657b1af10d39284b,src/main/java/org/apache/maven/plugin/dependency/TreeMojo.java,376,376
unknown,UWF_UNWRITTEN_FIELD,maven-dependency-plugin,a59a97456dffe24c8a4b04c2a63f05736b8b504c,src/main/java/org/apache/maven/plugin/dependency/fromConfiguration/UnpackMojo.java,101,101
unknown,UWF_UNWRITTEN_FIELD,maven-dependency-plugin,71a4ff3c90a5b7727457b954616b6ebb4ab78098,src/main/java/org/apache/maven/plugin/dependency/utils/translators/ClassifierTypeTranslator.java,62,62
open,UWF_FIELD_NOT_INITIALIZED_IN_CONSTRUCTOR,maven-dependency-plugin,6790d3b5720e0fea98bf629c240ac755996f642c,src/main/java/org/apache/maven/plugin/dependency/AbstractDependencyMojo.java,71,71
unknown,RV_RETURN_VALUE_IGNORED_BAD_PRACTICE,maven-dependency-plugin,f7b1731d67f4655b849248f9670a22dd663910cf,src/main/java/org/apache/maven/plugin/dependency/utils/markers/DefaultFileMarkerHandler.java,104,104
open,UWF_FIELD_NOT_INITIALIZED_IN_CONSTRUCTOR,maven-dependency-plugin,6790d3b5720e0fea98bf629c240ac755996f642c,src/main/java/org/apache/maven/plugin/dependency/AbstractDependencyMojo.java,154,154
unknown,UWF_UNWRITTEN_FIELD,maven-dependency-plugin,5682ca91b6e911f93e14ad2d9e621d4163b1c733,src/main/java/org/apache/maven/plugin/dependency/resolvers/ResolveDependencySourcesMojo.java,98,98
close,EI_EXPOSE_REP2,maven-dependency-plugin,c115fda2f80b4a562ac86d4a39b2aa476eb66042,src/main/java/org/apache/maven/plugin/dependency/utils/DependencyStatusSets.java,50,50
close,UWF_UNWRITTEN_FIELD,maven-dependency-plugin,6401e35e890d495aadaeacd934ae381e900d6e4b,src/main/java/org/apache/maven/plugin/dependency/AnalyzeDuplicateMojo.java,67,67
close,EI_EXPOSE_REP2,maven-dependency-plugin,dc7b4335f2c9e814775b1391b01e3a46bb4e871b,src/main/java/org/apache/maven/plugin/dependency/utils/DependencyStatusSets.java,102,102
open,RCN_REDUNDANT_NULLCHECK_OF_NONNULL_VALUE,maven-dependency-plugin,c5751705d9e618971b63f0c0bcd6af84e79e6048,src/main/java/org/apache/maven/plugin/dependency/BuildClasspathMojo.java,419,419
unknown,UWF_UNWRITTEN_PUBLIC_OR_PROTECTED_FIELD,maven-dependency-plugin,5d417db78a71b6e090da40d6fb30518cc400c03c,src/main/java/org/apache/maven/plugin/dependency/AbstractFromDependenciesMojo.java,68,68
unknown,RV_RETURN_VALUE_IGNORED_BAD_PRACTICE,maven-dependency-plugin,7196ab8588b0c4b79f64c4aeace875b989ade676,src/main/java/org/apache/maven/plugin/dependency/utils/DependencyUtil.java,94,94
close,UC_USELESS_CONDITION,maven-dependency-plugin,47c7410405e9b0989ed3d0dbed4740528ef006cd,src/main/java/org/apache/maven/plugin/dependency/GetMojo.java,170,170
close,EI_EXPOSE_REP2,maven-dependency-plugin,dc7b4335f2c9e814775b1391b01e3a46bb4e871b,src/main/java/org/apache/maven/plugin/dependency/utils/DependencyStatusSets.java,68,68
close,DM_DEFAULT_ENCODING,maven-dependency-plugin,d06a09e42a15ab9fea6ff1b35755d16a6b6a89a5,src/main/java/org/apache/maven/plugin/dependency/BuildClasspathMojo.java,380,380
close,EI_EXPOSE_REP2,maven-dependency-plugin,dc7b4335f2c9e814775b1391b01e3a46bb4e871b,src/main/java/org/apache/maven/plugin/dependency/utils/DependencyStatusSets.java,85,85
open,UWF_FIELD_NOT_INITIALIZED_IN_CONSTRUCTOR,maven-dependency-plugin,6790d3b5720e0fea98bf629c240ac755996f642c,src/main/java/org/apache/maven/plugin/dependency/AbstractDependencyMojo.java,242,242
unknown,UWF_UNWRITTEN_FIELD,maven-dependency-plugin,b32456593877b5cc0ba115a07391bbe94f7eb095,src/main/java/org/apache/maven/plugin/dependency/utils/translators/ClassifierTypeTranslator.java,62,62
close,NP_UNWRITTEN_PUBLIC_OR_PROTECTED_FIELD,maven-dependency-plugin,d06a09e42a15ab9fea6ff1b35755d16a6b6a89a5,src/main/java/org/apache/maven/plugin/dependency/fromConfiguration/AbstractFromConfigurationMojo.java,278,278
close,DM_CONVERT_CASE,maven-dependency-plugin,3c2a26b65d12938df6f230ca0624c97d5be6479d,src/main/java/org/apache/maven/plugin/dependency/utils/DependencyUtil.java,128,128
unknown,UWF_UNWRITTEN_PUBLIC_OR_PROTECTED_FIELD,maven-dependency-plugin,fe042daf06f3c73d1377afa601361072288bdf78,src/main/java/org/apache/maven/plugin/dependency/AbstractResolveMojo.java,84,84
close,DM_CONVERT_CASE,maven-dependency-plugin,2a879f4dc7d9f6215199f08771a1aea9bd2dbbf8,src/main/java/org/apache/maven/plugin/dependency/utils/DependencyUtil.java,128,128
open,UWF_FIELD_NOT_INITIALIZED_IN_CONSTRUCTOR,maven-dependency-plugin,6790d3b5720e0fea98bf629c240ac755996f642c,src/main/java/org/apache/maven/plugin/dependency/AbstractDependencyMojo.java,93,93
unknown,OBL_UNSATISFIED_OBLIGATION,maven-dependency-plugin,6401e35e890d495aadaeacd934ae381e900d6e4b,src/main/java/org/apache/maven/plugin/dependency/AnalyzeDuplicateMojo.java,67,67
close,EI_EXPOSE_REP,maven-dependency-plugin,f792b2eff207072760b10473932657879b7f8af1,src/main/java/org/apache/maven/plugin/dependency/AbstractDependencyMojo.java,323,323
open,UWF_UNWRITTEN_FIELD,maven-dependency-plugin,f7b1731d67f4655b849248f9670a22dd663910cf,src/main/java/org/apache/maven/plugin/dependency/fromConfiguration/UnpackMojo.java,101,101
close,EI_EXPOSE_REP2,maven-dependency-plugin,c115fda2f80b4a562ac86d4a39b2aa476eb66042,src/main/java/org/apache/maven/plugin/dependency/utils/DependencyStatusSets.java,102,102
close,EI_EXPOSE_REP2,maven-dependency-plugin,dc7b4335f2c9e814775b1391b01e3a46bb4e871b,src/main/java/org/apache/maven/plugin/dependency/utils/DependencyStatusSets.java,49,49
unknown,RV_RETURN_VALUE_IGNORED_BAD_PRACTICE,maven-dependency-plugin,7196ab8588b0c4b79f64c4aeace875b989ade676,src/main/java/org/apache/maven/plugin/dependency/utils/DependencyUtil.java,108,108
close,EI_EXPOSE_REP2,maven-dependency-plugin,dc7b4335f2c9e814775b1391b01e3a46bb4e871b,src/main/java/org/apache/maven/plugin/dependency/utils/DependencyStatusSets.java,50,50
close,351,351,ea0eadc1ffb267142384e59e1e1f52cb47d1f83b,src/main/java/org/apache/maven/plugin/dependency/fromConfiguration/AbstractFromConfigurationMojo.java,,
unknown,RV_RETURN_VALUE_IGNORED_BAD_PRACTICE,maven-dependency-plugin,a59a97456dffe24c8a4b04c2a63f05736b8b504c,src/main/java/org/apache/maven/plugin/dependency/utils/markers/DefaultFileMarkerHandler.java,104,104
close,EI_EXPOSE_REP2,maven-dependency-plugin,c115fda2f80b4a562ac86d4a39b2aa476eb66042,src/main/java/org/apache/maven/plugin/dependency/utils/DependencyStatusSets.java,49,49
open,UWF_UNWRITTEN_PUBLIC_OR_PROTECTED_FIELD,maven-dependency-plugin,c5751705d9e618971b63f0c0bcd6af84e79e6048,src/main/java/org/apache/maven/plugin/dependency/AbstractResolveMojo.java,102,102
unknown,RV_RETURN_VALUE_IGNORED_BAD_PRACTICE,maven-dependency-plugin,7196ab8588b0c4b79f64c4aeace875b989ade676,src/main/java/org/apache/maven/plugin/dependency/utils/DependencyUtil.java,135,135
unknown,445,445,d4601bdb62f2efeffdcdbc59eeb4322d8571b16a,src/main/java/org/apache/maven/plugin/dependency/PurgeLocalRepositoryMojo.java,,
unknown,UWF_UNWRITTEN_FIELD,maven-dependency-plugin,f8c288e37e765e44ff2fa17bb3c56ffb67a7485d,src/main/java/org/apache/maven/plugin/dependency/resolvers/ResolveDependencySourcesMojo.java,98,98
close,DLS_DEAD_LOCAL_STORE,maven-dependency-plugin,a0770c6286241339684f403bcbc440a97218caf8,src/main/java/org/apache/maven/plugin/dependency/utils/translators/ClassifierTypeTranslator.java,59,59
open,NP_UNWRITTEN_PUBLIC_OR_PROTECTED_FIELD,maven-dependency-plugin,c5751705d9e618971b63f0c0bcd6af84e79e6048,src/main/java/org/apache/maven/plugin/dependency/resolvers/ResolvePluginsMojo.java,178,178
unknown,UWF_UNWRITTEN_PUBLIC_OR_PROTECTED_FIELD,maven-dependency-plugin,aeb4da973e7958552433c22cdba10c9492d433e2,src/main/java/org/apache/maven/plugin/dependency/AbstractFromDependenciesMojo.java,68,68
close,EI_EXPOSE_REP2,maven-dependency-plugin,dc7b4335f2c9e814775b1391b01e3a46bb4e871b,src/main/java/org/apache/maven/plugin/dependency/utils/DependencyStatusSets.java,51,51
open,UWF_FIELD_NOT_INITIALIZED_IN_CONSTRUCTOR,maven-dependency-plugin,6790d3b5720e0fea98bf629c240ac755996f642c,src/main/java/org/apache/maven/plugin/dependency/AbstractDependencyMojo.java,214,214
close,DM_DEFAULT_ENCODING,maven-dependency-plugin,d06a09e42a15ab9fea6ff1b35755d16a6b6a89a5,src/main/java/org/apache/maven/plugin/dependency/BuildClasspathMojo.java,334,334
open,RCN_REDUNDANT_NULLCHECK_OF_NONNULL_VALUE,maven-dependency-plugin,c5751705d9e618971b63f0c0bcd6af84e79e6048,src/main/java/org/apache/maven/plugin/dependency/BuildClasspathMojo.java,415,415
unknown,UWF_UNWRITTEN_FIELD,maven-dependency-plugin,5682ca91b6e911f93e14ad2d9e621d4163b1c733,src/main/java/org/apache/maven/plugin/dependency/resolvers/ResolveDependencySourcesMojo.java,89,89
unknown,RV_RETURN_VALUE_IGNORED_BAD_PRACTICE,maven-dependency-plugin,fe042daf06f3c73d1377afa601361072288bdf78,src/main/java/org/apache/maven/plugin/dependency/utils/DependencyUtil.java,94,94
unknown,UWF_FIELD_NOT_INITIALIZED_IN_CONSTRUCTOR,maven-dependency-plugin,c5751705d9e618971b63f0c0bcd6af84e79e6048,src/main/java/org/apache/maven/plugin/dependency/AnalyzeDepMgt.java,150,150
open,NP_UNWRITTEN_PUBLIC_OR_PROTECTED_FIELD,maven-dependency-plugin,d06a09e42a15ab9fea6ff1b35755d16a6b6a89a5,src/main/java/org/apache/maven/plugin/dependency/resolvers/ListRepositoriesMojo.java,59,59
open,NP_UNWRITTEN_FIELD,maven-dependency-plugin,71a4ff3c90a5b7727457b954616b6ebb4ab78098,src/main/java/org/apache/maven/plugin/dependency/utils/translators/ClassifierTypeTranslator.java,62,62
open,NP_UNWRITTEN_FIELD,maven-dependency-plugin,6401e35e890d495aadaeacd934ae381e900d6e4b,src/main/java/org/apache/maven/plugin/dependency/AnalyzeDuplicateMojo.java,67,67
unknown,DCN_NULLPOINTER_EXCEPTION,maven-dependency-plugin,c077a2593386eeafcf173d6ad41151f0f7d4ca4a,src/main/java/org/apache/maven/plugin/dependency/utils/DependencyStatusSets.java,163,163
open,ES_COMPARING_PARAMETER_STRING_WITH_EQ,maven-dependency-plugin,31440588c2d3e69571c6dfe44a43c1c6cbdade78,src/main/java/org/apache/maven/plugin/dependency/fromDependencies/BuildClasspathMojo.java,332,332
close,EI_EXPOSE_REP2,maven-dependency-plugin,c115fda2f80b4a562ac86d4a39b2aa476eb66042,src/main/java/org/apache/maven/plugin/dependency/utils/DependencyStatusSets.java,85,85
unknown,UWF_UNWRITTEN_FIELD,maven-dependency-plugin,f8c288e37e765e44ff2fa17bb3c56ffb67a7485d,src/main/java/org/apache/maven/plugin/dependency/resolvers/ResolveDependencySourcesMojo.java,89,89
open,DLS_DEAD_LOCAL_STORE,maven-dependency-plugin,c5751705d9e618971b63f0c0bcd6af84e79e6048,src/main/java/org/apache/maven/plugin/dependency/utils/translators/ClassifierTypeTranslator.java,60,60
close,EI_EXPOSE_REP2,maven-dependency-plugin,c115fda2f80b4a562ac86d4a39b2aa476eb66042,src/main/java/org/apache/maven/plugin/dependency/utils/DependencyStatusSets.java,51,51
unknown,BC_UNCONFIRMED_CAST,nutch,bba335ef8dbbe4017784eba416085285d449f84f,src/java/org/apache/nutch/crawl/Generator.java,372,372
unknown,EI_EXPOSE_REP2,nutch,54812bd84f3948233370648ec95295e37aea813d,src/java/org/apache/nutch/util/domain/DomainStatistics.java,142,142
close,RpC_REPEATED_CONDITIONAL_TEST,nutch,1dc428529fe75a5f0faa37d345721705931f3623,src/java/org/apache/nutch/fetcher/Fetcher.java,950,950
open,NP_NULL_PARAM_DEREF_NONVIRTUAL,nutch,47c4a85bebb6563f1405dad49f434e61fc854d77,src/java/org/apache/nutch/fetcher/Fetcher.java,806,806
open,NP_NULL_PARAM_DEREF_NONVIRTUAL,nutch,47c4a85bebb6563f1405dad49f434e61fc854d77,src/java/org/apache/nutch/fetcher/Fetcher.java,813,813
unknown,MS_SHOULD_BE_FINAL,nutch,247061d2b33141483b995a3fb6bac997763c9681,src/java/org/apache/nutch/indexer/solr/SolrWriter.java,38,38
unknown,MS_SHOULD_BE_FINAL,nutch,8ec80fa99057fcea5792c8794a17c4ff014f51c6,src/java/org/apache/nutch/indexer/solr/SolrMappingReader.java,40,40
open,NP_NULL_PARAM_DEREF_NONVIRTUAL,nutch,47c4a85bebb6563f1405dad49f434e61fc854d77,src/java/org/apache/nutch/fetcher/Fetcher.java,682,682
close,SF_SWITCH_NO_DEFAULT,nutch,ef3bdd04448793ac02dba92991e69cb387b855c1,src/java/org/apache/nutch/util/domain/DomainStatistics.java,146,154
unknown,THROWS_METHOD_THROWS_CLAUSE_BASIC_EXCEPTION,nutch,1dcb7bc41ebb7cdb24d2333835398eb37aab3e5a,src/java/org/apache/nutch/tools/CrawlDBScanner.java,91,140
close,WMI_WRONG_MAP_ITERATOR,nutch,e2598d63743c84ca0293c17d159f3fe334d301f0,src/java/org/apache/nutch/parse/HTMLMetaTags.java,194,194
unknown,REC_CATCH_EXCEPTION,nutch,7ca68d4a1fbe1a1b55bdad3f641d35551f270995,src/java/org/apache/nutch/scoring/webgraph/NodeDumper.java,273,273
open,NP_NULL_PARAM_DEREF_NONVIRTUAL,nutch,47c4a85bebb6563f1405dad49f434e61fc854d77,src/java/org/apache/nutch/fetcher/Fetcher.java,892,892
close,URF_UNREAD_FIELD,nutch,bba335ef8dbbe4017784eba416085285d449f84f,src/java/org/apache/nutch/tools/proxy/SegmentHandler.java,105,105
unknown,SF_SWITCH_NO_DEFAULT,nutch,54812bd84f3948233370648ec95295e37aea813d,src/java/org/apache/nutch/util/domain/DomainStatistics.java,155,163
unknown,NP_NULL_ON_SOME_PATH_EXCEPTION,nutch,54812bd84f3948233370648ec95295e37aea813d,src/java/org/apache/nutch/util/domain/DomainStatistics.java,166,166
close,DLS_DEAD_LOCAL_STORE,nutch,8ec80fa99057fcea5792c8794a17c4ff014f51c6,src/java/org/apache/nutch/indexer/IndexerOutputFormat.java,36,36
open,EI_EXPOSE_REP,nutch,8ec80fa99057fcea5792c8794a17c4ff014f51c6,src/java/org/apache/nutch/indexer/solr/SolrMappingReader.java,116,116
open,NP_NULL_PARAM_DEREF_NONVIRTUAL,nutch,47c4a85bebb6563f1405dad49f434e61fc854d77,src/java/org/apache/nutch/fetcher/Fetcher.java,830,830
unknown,BC_UNCONFIRMED_CAST,nutch,2a4a1326b2497f708cdbc630b3b9596010cae883,src/java/org/apache/nutch/crawl/Generator.java,375,375
close,WMI_WRONG_MAP_ITERATOR,nutch,bba335ef8dbbe4017784eba416085285d449f84f,src/test/org/apache/nutch/crawl/TestCrawlDbMerger.java,112,112
unknown,REC_CATCH_EXCEPTION,nutch,7ee1bafd16863ad77bd1c97146b2e5383db6a033,src/java/org/apache/nutch/util/LogUtil.java,54,54
close,NP_NULL_ON_SOME_PATH_EXCEPTION,nutch,fa94bbb537421401a6c3fc19ae376e90bd50e69e,src/java/org/apache/nutch/util/MimeUtil.java,188,188
unknown,DLS_DEAD_LOCAL_STORE,nutch,bba335ef8dbbe4017784eba416085285d449f84f,src/java/org/apache/nutch/fetcher/OldFetcher.java,63,63
open,EI_EXPOSE_REP,nutch,8ec80fa99057fcea5792c8794a17c4ff014f51c6,src/java/org/apache/nutch/indexer/solr/SolrMappingReader.java,112,112
open,NP_NULL_PARAM_DEREF_NONVIRTUAL,nutch,47c4a85bebb6563f1405dad49f434e61fc854d77,src/java/org/apache/nutch/fetcher/Fetcher.java,821,821
close,UC_USELESS_CONDITION,nutch,1dc428529fe75a5f0faa37d345721705931f3623,src/java/org/apache/nutch/fetcher/Fetcher.java,950,950
close,DE_MIGHT_IGNORE,nutch,fa94bbb537421401a6c3fc19ae376e90bd50e69e,src/java/org/apache/nutch/util/MimeUtil.java,183,183
open,NP_NULL_PARAM_DEREF_NONVIRTUAL,nutch,47c4a85bebb6563f1405dad49f434e61fc854d77,src/java/org/apache/nutch/fetcher/Fetcher.java,802,802
unknown,SIC_INNER_SHOULD_BE_STATIC_ANON,nutch,8ec80fa99057fcea5792c8794a17c4ff014f51c6,src/java/org/apache/nutch/indexer/IndexerOutputFormat.java,44,44
unknown,DM_DEFAULT_ENCODING,nutch,7ee1bafd16863ad77bd1c97146b2e5383db6a033,src/java/org/apache/nutch/util/LogUtil.java,103,103
close,RCN_REDUNDANT_NULLCHECK_WOULD_HAVE_BEEN_A_NPE,nutch,47c4a85bebb6563f1405dad49f434e61fc854d77,src/java/org/apache/nutch/fetcher/Fetcher.java,928,928
open,NP_NULL_PARAM_DEREF_NONVIRTUAL,nutch,47c4a85bebb6563f1405dad49f434e61fc854d77,src/java/org/apache/nutch/fetcher/Fetcher.java,673,673
unknown,THROWS_METHOD_THROWS_CLAUSE_BASIC_EXCEPTION,nutch,dcbbb147ec67c3dcb400fe47b6fe245a0e2bf040,src/java/org/apache/nutch/net/URLFilterChecker.java,108,132
unknown,EI_EXPOSE_REP,nutch,54812bd84f3948233370648ec95295e37aea813d,src/java/org/apache/nutch/util/domain/DomainStatistics.java,138,138
unknown,REC_CATCH_EXCEPTION,nutch,54812bd84f3948233370648ec95295e37aea813d,src/java/org/apache/nutch/util/domain/DomainStatistics.java,172,172
unknown,RpC_REPEATED_CONDITIONAL_TEST,nutch,d78485a3ca5320f5796e0a3bee435928558e888b,src/java/org/apache/nutch/scoring/webgraph/WebGraph.java,382,382
open,UC_USELESS_CONDITION,nutch,d78485a3ca5320f5796e0a3bee435928558e888b,src/java/org/apache/nutch/scoring/webgraph/WebGraph.java,383,383
close,DLS_DEAD_LOCAL_STORE,nutch,bba335ef8dbbe4017784eba416085285d449f84f,src/java/org/apache/nutch/tools/ResolveUrls.java,80,80
unknown,DM_DEFAULT_ENCODING,nutch,7ee1bafd16863ad77bd1c97146b2e5383db6a033,src/java/org/apache/nutch/util/LogUtil.java,88,88
unknown,DLS_DEAD_LOCAL_STORE,nutch,bba335ef8dbbe4017784eba416085285d449f84f,src/java/org/apache/nutch/scoring/webgraph/NodeDumper.java,391,391
unknown,SIC_INNER_SHOULD_BE_STATIC_ANON,commons-imaging,2d6558e10a869036a1cadbe16470abeedf70bbe1,src/main/java/org/apache/commons/imaging/formats/jpeg/iptc/IptcParser.java,432,432
open,PZLA_PREFER_ZERO_LENGTH_ARRAYS,commons-imaging,5b7b44724b2aadde6d23f827c7d4aec383e3a1cf,src/main/java/org/apache/commons/imaging/formats/wbmp/WbmpImageParser.java,100,100
open,PZLA_PREFER_ZERO_LENGTH_ARRAYS,commons-imaging,d1cb5e67a233c1371f898176cd30ce00de4481be,src/main/java/org/apache/commons/imaging/formats/psd/PsdImageParser.java,445,445
unknown,PZLA_PREFER_ZERO_LENGTH_ARRAYS,commons-imaging,3cb7fed47c26f63f663ae6ba28c08d2ced2d16cc,src/main/java/org/apache/commons/imaging/common/BinaryFileFunctions.java,214,214
open,DM_FP_NUMBER_CTOR,commons-imaging,352a90edf950ddf4e6e23a2c4ea8a29bc6f9960f,src/main/java/org/apache/commons/imaging/formats/tiff/fieldtypes/FieldTypeFloat.java,35,35
open,UC_USELESS_CONDITION,commons-imaging,8e9ddc7fda8934b4e9376bc7cff0271e7c35ab7a,src/main/java/org/apache/commons/imaging/formats/png/chunks/PngChunkItxt.java,69,69
open,BIT_SIGNED_CHECK,commons-imaging,d2ec76bd10f30c39ae5180ede1254908e76045f0,src/main/java/org/apache/commons/imaging/formats/gif/GifImageParser.java,359,359
open,URF_UNREAD_PUBLIC_OR_PROTECTED_FIELD,commons-imaging,7b8461f9ec480a7e37c2a55e771d94d222989fe6,src/main/java/org/apache/commons/imaging/formats/gif/ImageDescriptor.java,42,42
unknown,PZLA_PREFER_ZERO_LENGTH_ARRAYS,commons-imaging,69d2d53b4ca22478ef7b9a7a8b2304619885fbc8,src/main/java/org/apache/commons/imaging/common/BinaryInputStream.java,264,264
open,URF_UNREAD_FIELD,commons-imaging,2d6558e10a869036a1cadbe16470abeedf70bbe1,src/main/java/org/apache/commons/imaging/formats/png/scanlinefilters/ScanlineFilterUp.java,27,27
unknown,DM_CONVERT_CASE,commons-imaging,85e695639a1d09ce5ba495468c65a6744c8bcc5e,src/main/java/org/apache/commons/imaging/Imaging.java,119,119
open,EI_EXPOSE_REP2,commons-imaging,b5f27dde0f4786740fb5a133faeed98dd9d0ad3e,src/main/java/org/apache/commons/imaging/formats/jpeg/segments/DhtSegment.java,49,49
open,EI_EXPOSE_REP2,commons-imaging,e6cccde796ab8d86c7e8cd50357241bb65013b57,src/main/java/org/apache/commons/imaging/formats/psd/PsdHeaderInfo.java,35,35
open,EI_EXPOSE_REP2,commons-imaging,df41d46a01618a04c8f411c775f7df7f17e2c5e5,src/main/java/org/apache/commons/imaging/formats/jpeg/segments/DhtSegment.java,49,49
unknown,NP_BOOLEAN_RETURN_NULL,commons-imaging,b79d34333d344e471ed525da8f99d86c0d2e09e3,src/main/java/org/apache/commons/imaging/icc/IccProfileParser.java,325,325
unknown,NP_BOOLEAN_RETURN_NULL,commons-imaging,b79d34333d344e471ed525da8f99d86c0d2e09e3,src/main/java/org/apache/commons/imaging/icc/IccProfileParser.java,386,386
open,EI_EXPOSE_REP,commons-imaging,f78418f4c2b29ec899458a8754068bb418c41dec,src/main/java/org/apache/commons/imaging/formats/jpeg/segments/DhtSegment.java,123,123
open,EI_EXPOSE_REP,commons-imaging,f78418f4c2b29ec899458a8754068bb418c41dec,src/main/java/org/apache/commons/imaging/formats/jpeg/segments/DhtSegment.java,131,131
open,URF_UNREAD_PUBLIC_OR_PROTECTED_FIELD,commons-imaging,7b8461f9ec480a7e37c2a55e771d94d222989fe6,src/main/java/org/apache/commons/imaging/formats/gif/ImageDescriptor.java,46,46
open,EI_EXPOSE_REP,commons-imaging,f78418f4c2b29ec899458a8754068bb418c41dec,src/main/java/org/apache/commons/imaging/formats/jpeg/segments/DhtSegment.java,143,143
open,DM_DEFAULT_ENCODING,commons-imaging,2d6558e10a869036a1cadbe16470abeedf70bbe1,src/main/java/org/apache/commons/imaging/common/BasicCParser.java,159,159
open,EI_EXPOSE_REP2,commons-imaging,09f80c34d40bbe58754293bca0b981a740cda9f1,src/main/java/org/apache/commons/imaging/formats/jpeg/iptc/IptcBlock.java,30,30
open,URF_UNREAD_PUBLIC_OR_PROTECTED_FIELD,commons-imaging,916cc60b4b84614cfaa7380c66dd4afe3c75f488,src/main/java/org/apache/commons/imaging/formats/bmp/ImageContents.java,29,29
open,RCN_REDUNDANT_NULLCHECK_OF_NONNULL_VALUE,commons-imaging,85e695639a1d09ce5ba495468c65a6744c8bcc5e,src/main/java/org/apache/commons/imaging/formats/png/PngImageParser.java,276,276
open,THROWS_METHOD_THROWS_RUNTIMEEXCEPTION,commons-imaging,4701b96281124b9ccd6ecd35c3f16aa73345f315,src/main/java/org/apache/commons/imaging/formats/png/PngWriter.java,213,217
open,MS_MUTABLE_ARRAY,commons-imaging,1542b7fcd99713d23269a10166b5c5a39257be23,src/main/java/org/apache/commons/imaging/formats/tiff/constants/GpsTagConstants.java,36,36
open,DE_MIGHT_IGNORE,commons-imaging,37dd278fdbf470e31e7292b788439c45c700a197,src/main/java/org/apache/commons/imaging/formats/jpeg/xmp/JpegRewriter.java,329,329
close,URF_UNREAD_PUBLIC_OR_PROTECTED_FIELD,commons-imaging,7b8461f9ec480a7e37c2a55e771d94d222989fe6,src/main/java/org/apache/commons/imaging/formats/gif/ImageDescriptor.java,49,49
close,EI_EXPOSE_REP2,commons-imaging,352a90edf950ddf4e6e23a2c4ea8a29bc6f9960f,src/main/java/org/apache/commons/imaging/formats/tiff/TiffImageMetadata.java,209,209
open,RCN_REDUNDANT_NULLCHECK_OF_NONNULL_VALUE,commons-imaging,85e695639a1d09ce5ba495468c65a6744c8bcc5e,src/main/java/org/apache/commons/imaging/formats/png/PngImageParser.java,304,304
open,DLS_DEAD_LOCAL_STORE,commons-imaging,2d6558e10a869036a1cadbe16470abeedf70bbe1,src/main/java/org/apache/commons/imaging/formats/psd/PsdImageParser.java,209,209
unknown,INT_VACUOUS_BIT_OPERATION,commons-imaging,050d2adac44316248330c5fed93bfccf2408e3f9,src/main/java/org/apache/commons/imaging/formats/gif/GifImageParser.java,841,841
unknown,EI_EXPOSE_REP2,commons-imaging,352a90edf950ddf4e6e23a2c4ea8a29bc6f9960f,src/main/java/org/apache/commons/imaging/formats/tiff/TiffField.java,86,86
unknown,EI_EXPOSE_REP2,commons-imaging,0644734bc2057ceeda9497237393281f7e638376,src/main/java/org/apache/commons/imaging/formats/jpeg/iptc/IptcRecord.java,38,38
unknown,NP_LOAD_OF_KNOWN_NULL_VALUE,commons-imaging,e6cccde796ab8d86c7e8cd50357241bb65013b57,src/main/java/org/apache/commons/imaging/icc/IccProfileParser.java,277,277
open,EI_EXPOSE_REP,commons-imaging,f78418f4c2b29ec899458a8754068bb418c41dec,src/main/java/org/apache/commons/imaging/formats/jpeg/segments/DhtSegment.java,139,139
close,URF_UNREAD_PUBLIC_OR_PROTECTED_FIELD,commons-imaging,d2ec76bd10f30c39ae5180ede1254908e76045f0,src/main/java/org/apache/commons/imaging/formats/jpeg/segments/SosSegment.java,81,81
open,DLS_DEAD_LOCAL_STORE,commons-imaging,2d6558e10a869036a1cadbe16470abeedf70bbe1,src/main/java/org/apache/commons/imaging/formats/psd/PsdImageParser.java,225,225
open,URF_UNREAD_PUBLIC_OR_PROTECTED_FIELD,commons-imaging,e6cccde796ab8d86c7e8cd50357241bb65013b57,src/main/java/org/apache/commons/imaging/icc/IccProfileInfo.java,53,53
open,DM_DEFAULT_ENCODING,commons-imaging,fdaf56e48c90d5ade2c950a963b57a79ccefdc71,src/main/java/org/apache/commons/imaging/formats/png/ChunkType.java,87,87
open,RCN_REDUNDANT_NULLCHECK_OF_NONNULL_VALUE,commons-imaging,85e695639a1d09ce5ba495468c65a6744c8bcc5e,src/main/java/org/apache/commons/imaging/formats/jpeg/JpegImageParser.java,581,581
open,RV_RETURN_VALUE_IGNORED_NO_SIDE_EFFECT,commons-imaging,725c8deb6276d930767f588a65dcce803dd6e10c,src/main/java/org/apache/commons/imaging/formats/icns/IcnsImageParser.java,90,90
open,DLS_DEAD_LOCAL_STORE,commons-imaging,23797b80bd4f6f1e63dcb9696cae24a606c3156e,src/main/java/org/apache/commons/imaging/formats/tiff/write/TiffImageWriterBase.java,510,510
unknown,DLS_DEAD_LOCAL_STORE,commons-imaging,8511dc8a414f7f93d29087d4a60eacf853c7d6c2,src/main/java/org/apache/commons/imaging/ColorTools.java,179,179
open,MC_OVERRIDABLE_METHOD_CALL_IN_CONSTRUCTOR,commons-imaging,d2ec76bd10f30c39ae5180ede1254908e76045f0,src/main/java/org/apache/commons/imaging/formats/jpeg/segments/SosSegment.java,53,53
open,PZLA_PREFER_ZERO_LENGTH_ARRAYS,commons-imaging,d1cb5e67a233c1371f898176cd30ce00de4481be,src/main/java/org/apache/commons/imaging/formats/tiff/TiffImageParser.java,119,119
unknown,GC_UNRELATED_TYPES,commons-imaging,9083b0984b2f8bdc882b64f0ebf8f6219110ec97,src/main/java/org/apache/commons/imaging/formats/tiff/TiffReader.java,278,278
unknown,BIT_SIGNED_CHECK,commons-imaging,e6cccde796ab8d86c7e8cd50357241bb65013b57,src/main/java/org/apache/commons/imaging/formats/gif/GifImageParser.java,370,370
close,URF_UNREAD_PUBLIC_OR_PROTECTED_FIELD,commons-imaging,7b8461f9ec480a7e37c2a55e771d94d222989fe6,src/main/java/org/apache/commons/imaging/formats/gif/ImageDescriptor.java,43,43
unknown,DLS_DEAD_LOCAL_STORE,commons-imaging,4701b96281124b9ccd6ecd35c3f16aa73345f315,src/main/java/org/apache/commons/imaging/formats/tiff/fieldtypes/FieldTypeAscii.java,64,64
close,URF_UNREAD_PUBLIC_OR_PROTECTED_FIELD,commons-imaging,d2ec76bd10f30c39ae5180ede1254908e76045f0,src/main/java/org/apache/commons/imaging/icc/IccTag.java,47,47
unknown,NM_METHOD_NAMING_CONVENTION,commons-imaging,e6cccde796ab8d86c7e8cd50357241bb65013b57,src/main/java/org/apache/commons/imaging/common/mylzw/MyLzwDecompressor.java,67,74
close,URF_UNREAD_PUBLIC_OR_PROTECTED_FIELD,commons-imaging,d2ec76bd10f30c39ae5180ede1254908e76045f0,src/main/java/org/apache/commons/imaging/icc/IccProfileInfo.java,55,55
close,EI_EXPOSE_REP,commons-imaging,f78418f4c2b29ec899458a8754068bb418c41dec,src/main/java/org/apache/commons/imaging/formats/jpeg/segments/DhtSegment.java,119,119
close,RCN_REDUNDANT_NULLCHECK_OF_NONNULL_VALUE,commons-imaging,24b4bdae178d1624ac6d9950e6bac89664d7c682,src/main/java/org/apache/commons/imaging/formats/jpeg/JpegImageParser.java,696,696
close,EI_EXPOSE_REP2,commons-imaging,61ad6ffc62ad843511b2b1f8412a05a91b052287,src/main/java/org/apache/commons/imaging/formats/png/ScanExpediter.java,64,64
open,MC_OVERRIDABLE_METHOD_CALL_IN_CONSTRUCTOR,commons-imaging,d2ec76bd10f30c39ae5180ede1254908e76045f0,src/main/java/org/apache/commons/imaging/formats/jpeg/segments/JfifSegment.java,77,77
unknown,OS_OPEN_STREAM,commons-imaging,2d6558e10a869036a1cadbe16470abeedf70bbe1,src/main/java/org/apache/commons/imaging/common/itu_t4/T4AndT6Compression.java,216,216
unknown,PZLA_PREFER_ZERO_LENGTH_ARRAYS,commons-imaging,4701b96281124b9ccd6ecd35c3f16aa73345f315,src/main/java/org/apache/commons/imaging/formats/tiff/taginfos/TagInfoXpString.java,50,50
unknown,PZLA_PREFER_ZERO_LENGTH_ARRAYS,commons-imaging,a2bc6183a016947843f9082ae0ccfc6860b74659,src/main/java/org/apache/commons/imaging/common/BinaryInputStream.java,151,151
close,PZLA_PREFER_ZERO_LENGTH_ARRAYS,commons-imaging,f66b47f87961ef83b817ae5a19e9f703e69e174c,src/main/java/org/apache/commons/imaging/formats/bmp/BmpImageParser.java,519,519
unknown,NP_BOOLEAN_RETURN_NULL,commons-imaging,b79d34333d344e471ed525da8f99d86c0d2e09e3,src/main/java/org/apache/commons/imaging/icc/IccProfileParser.java,317,317
open,EI_EXPOSE_REP2,commons-imaging,b5f27dde0f4786740fb5a133faeed98dd9d0ad3e,src/main/java/org/apache/commons/imaging/formats/jpeg/segments/App13Segment.java,44,44
open,EI_EXPOSE_REP,commons-imaging,c6b2e897f05eec5de4e5c56cd93bc11b6adbc02e,src/main/java/org/apache/commons/imaging/formats/jpeg/segments/ComSegment.java,48,48
close,RCN_REDUNDANT_NULLCHECK_OF_NONNULL_VALUE,commons-imaging,85e695639a1d09ce5ba495468c65a6744c8bcc5e,src/main/java/org/apache/commons/imaging/formats/jpeg/JpegImageParser.java,696,696
open,NM_CONFUSING,commons-imaging,c748927c482b9c5d9cbcbe3debd84f830c0b8a21,src/main/java/org/apache/commons/imaging/common/BinaryFileFunctions.java,359,359
open,PZLA_PREFER_ZERO_LENGTH_ARRAYS,commons-imaging,3cb7fed47c26f63f663ae6ba28c08d2ced2d16cc,src/main/java/org/apache/commons/imaging/common/BinaryFileFunctions.java,440,440
close,EI_EXPOSE_REP2,commons-imaging,61ad6ffc62ad843511b2b1f8412a05a91b052287,src/main/java/org/apache/commons/imaging/formats/png/ScanExpediter.java,62,62
close,RCN_REDUNDANT_NULLCHECK_OF_NONNULL_VALUE,commons-imaging,e083b21b0f97e70cefd4972fe56bf91cf3e06bf0,src/main/java/org/apache/commons/imaging/formats/png/chunks/PngChunkIccp.java,66,66
unknown,EI_EXPOSE_REP2,commons-imaging,9ddad4b1ed76b8f405098f4220ff21bed05acecc,src/main/java/org/apache/commons/imaging/formats/psd/PsdHeaderInfo.java,34,34
unknown,PZLA_PREFER_ZERO_LENGTH_ARRAYS,commons-imaging,3cb7fed47c26f63f663ae6ba28c08d2ced2d16cc,src/main/java/org/apache/commons/imaging/common/BinaryInputStream.java,317,317
open,DLS_DEAD_LOCAL_STORE,commons-imaging,4701b96281124b9ccd6ecd35c3f16aa73345f315,src/main/java/org/apache/commons/imaging/formats/tiff/taginfos/TagInfoAscii.java,62,62
open,URF_UNREAD_PUBLIC_OR_PROTECTED_FIELD,commons-imaging,e6cccde796ab8d86c7e8cd50357241bb65013b57,src/main/java/org/apache/commons/imaging/icc/IccProfileInfo.java,55,55
unknown,EI_EXPOSE_REP2,commons-imaging,625d096ae320841e9654a843555f937288b46177,src/main/java/org/apache/commons/imaging/common/bytesource/ByteSourceArray.java,33,33
open,PZLA_PREFER_ZERO_LENGTH_ARRAYS,commons-imaging,d1cb5e67a233c1371f898176cd30ce00de4481be,src/main/java/org/apache/commons/imaging/formats/jpeg/JpegImageParser.java,636,636
close,EI_EXPOSE_REP2,commons-imaging,61ad6ffc62ad843511b2b1f8412a05a91b052287,src/main/java/org/apache/commons/imaging/formats/png/ScanExpediter.java,57,57
close,BIT_SIGNED_CHECK,commons-imaging,e6cccde796ab8d86c7e8cd50357241bb65013b57,src/main/java/org/apache/commons/imaging/formats/gif/GifImageParser.java,362,362
close,URF_UNREAD_PUBLIC_OR_PROTECTED_FIELD,commons-imaging,d2ec76bd10f30c39ae5180ede1254908e76045f0,src/main/java/org/apache/commons/imaging/formats/jpeg/segments/SosSegment.java,92,92
open,RV_RETURN_VALUE_IGNORED_NO_SIDE_EFFECT,commons-imaging,725c8deb6276d930767f588a65dcce803dd6e10c,src/main/java/org/apache/commons/imaging/formats/png/PngImageParser.java,637,637
unknown,EI_EXPOSE_REP,commons-imaging,f78418f4c2b29ec899458a8754068bb418c41dec,src/main/java/org/apache/commons/imaging/formats/jpeg/segments/DhtSegment.java,135,135
close,DLS_DEAD_LOCAL_STORE,commons-imaging,e6cccde796ab8d86c7e8cd50357241bb65013b57,src/main/java/org/apache/commons/imaging/formats/png/PngImageParser.java,581,581
close,MC_OVERRIDABLE_METHOD_CALL_IN_CONSTRUCTOR,commons-imaging,d61e69628a29eb6df3c445ac5788fc2186fdf283,src/main/java/org/apache/commons/imaging/formats/jpeg/segments/App2Segment.java,40,40
close,PZLA_PREFER_ZERO_LENGTH_ARRAYS,commons-imaging,d61e69628a29eb6df3c445ac5788fc2186fdf283,src/main/java/org/apache/commons/imaging/formats/jpeg/JpegImageParser.java,363,363
open,PZLA_PREFER_ZERO_LENGTH_ARRAYS,commons-imaging,d1cb5e67a233c1371f898176cd30ce00de4481be,src/main/java/org/apache/commons/imaging/formats/gif/GifImageParser.java,500,500
close,UC_USELESS_CONDITION,commons-imaging,e6cccde796ab8d86c7e8cd50357241bb65013b57,src/main/java/org/apache/commons/imaging/formats/jpeg/JpegImageParser.java,936,936
close,EI_EXPOSE_REP2,commons-imaging,e6cccde796ab8d86c7e8cd50357241bb65013b57,src/main/java/org/apache/commons/imaging/icc/IccProfileInfo.java,66,66
unknown,PZLA_PREFER_ZERO_LENGTH_ARRAYS,commons-imaging,3cb7fed47c26f63f663ae6ba28c08d2ced2d16cc,src/main/java/org/apache/commons/imaging/common/BinaryInputStream.java,205,205
close,EI_EXPOSE_REP,commons-imaging,e6cccde796ab8d86c7e8cd50357241bb65013b57,src/main/java/org/apache/commons/imaging/icc/IccProfileInfo.java,76,76
close,NP_BOOLEAN_RETURN_NULL,commons-imaging,b79d34333d344e471ed525da8f99d86c0d2e09e3,src/main/java/org/apache/commons/imaging/icc/IccProfileParser.java,309,309
open,URF_UNREAD_FIELD,commons-imaging,2d6558e10a869036a1cadbe16470abeedf70bbe1,src/main/java/org/apache/commons/imaging/formats/tiff/photometricinterpreters/PhotometricInterpreterPalette.java,38,38
open,PZLA_PREFER_ZERO_LENGTH_ARRAYS,commons-imaging,d1cb5e67a233c1371f898176cd30ce00de4481be,src/main/java/org/apache/commons/imaging/formats/bmp/BmpImageParser.java,529,529
open,EI_EXPOSE_REP2,commons-imaging,2d6558e10a869036a1cadbe16470abeedf70bbe1,src/main/java/org/apache/commons/imaging/formats/tiff/photometricinterpreters/PhotometricInterpreterPalette.java,38,38
open,THROWS_METHOD_THROWS_RUNTIMEEXCEPTION,commons-imaging,4701b96281124b9ccd6ecd35c3f16aa73345f315,src/main/java/org/apache/commons/imaging/formats/png/ChunkType.java,90,99
unknown,EI_EXPOSE_REP,commons-imaging,742aa8abc543fbda856d25231b4fce9839c36734,src/main/java/org/apache/commons/imaging/common/FastByteArrayOutputStream.java,51,51
unknown,UC_USELESS_CONDITION,commons-imaging,1b5e84e28ba3156d444d61151128d183b0554aeb,src/main/java/org/apache/commons/imaging/formats/xpm/XpmImageParser.java,290,290
open,PZLA_PREFER_ZERO_LENGTH_ARRAYS,commons-imaging,d1cb5e67a233c1371f898176cd30ce00de4481be,src/main/java/org/apache/commons/imaging/formats/pnm/PnmImageParser.java,222,222
unknown,MC_OVERRIDABLE_METHOD_CALL_IN_CONSTRUCTOR,commons-imaging,d2ec76bd10f30c39ae5180ede1254908e76045f0,src/main/java/org/apache/commons/imaging/formats/png/chunks/PngChunkIccp.java,60,60
unknown,DM_DEFAULT_ENCODING,commons-imaging,d3658d6c8175149ea2d4eed66b7c92de21cfe01d,src/main/java/org/apache/commons/imaging/formats/png/chunks/PngChunkScal.java,53,53
unknown,NM_CONFUSING,commons-imaging,3760425321d2c42355805a806f59768dc225563b,src/main/java/org/apache/commons/imaging/common/BinaryFileParser.java,141,141
close,URF_UNREAD_PUBLIC_OR_PROTECTED_FIELD,commons-imaging,e6cccde796ab8d86c7e8cd50357241bb65013b57,src/main/java/org/apache/commons/imaging/formats/jpeg/segments/SosSegment.java,92,92
close,URF_UNREAD_PUBLIC_OR_PROTECTED_FIELD,commons-imaging,d2ec76bd10f30c39ae5180ede1254908e76045f0,src/main/java/org/apache/commons/imaging/icc/IccProfileInfo.java,53,53
open,RV_RETURN_VALUE_IGNORED_NO_SIDE_EFFECT,commons-imaging,725c8deb6276d930767f588a65dcce803dd6e10c,src/main/java/org/apache/commons/imaging/formats/icns/IcnsImageParser.java,122,122
close,BIT_SIGNED_CHECK,commons-imaging,e6cccde796ab8d86c7e8cd50357241bb65013b57,src/main/java/org/apache/commons/imaging/formats/gif/GifImageParser.java,366,366
close,RCN_REDUNDANT_NULLCHECK_OF_NONNULL_VALUE,commons-imaging,85e695639a1d09ce5ba495468c65a6744c8bcc5e,src/main/java/org/apache/commons/imaging/formats/jpeg/JpegImageParser.java,626,626
unknown,URF_UNREAD_PUBLIC_OR_PROTECTED_FIELD,commons-imaging,23797b80bd4f6f1e63dcb9696cae24a606c3156e,src/main/java/org/apache/commons/imaging/formats/png/chunks/PngChunkIhdr.java,42,42
close,URF_UNREAD_PUBLIC_OR_PROTECTED_FIELD,commons-imaging,d2ec76bd10f30c39ae5180ede1254908e76045f0,src/main/java/org/apache/commons/imaging/icc/IccProfileInfo.java,61,61
close,URF_UNREAD_PUBLIC_OR_PROTECTED_FIELD,commons-imaging,fda23ed687b7ab4e1d092ff0d1d4fdfa91de9b0c,src/main/java/org/apache/commons/imaging/formats/jpeg/segments/DhtSegment.java,46,46
close,PZLA_PREFER_ZERO_LENGTH_ARRAYS,commons-imaging,4df7f79f375ca5d92e0bf1c788cad59769153bcc,src/main/java/org/apache/commons/imaging/formats/jpeg/JpegImageParser.java,365,365
close,RCN_REDUNDANT_NULLCHECK_OF_NONNULL_VALUE,commons-imaging,85e695639a1d09ce5ba495468c65a6744c8bcc5e,src/main/java/org/apache/commons/imaging/formats/png/PngImageParser.java,899,899
unknown,EI_EXPOSE_REP2,commons-imaging,d20670db17c82c791b410ed13d58f8dbefea87f2,src/main/java/org/apache/commons/imaging/formats/jpeg/segments/GenericSegment.java,38,38
unknown,DM_CONVERT_CASE,commons-imaging,85e695639a1d09ce5ba495468c65a6744c8bcc5e,src/main/java/org/apache/commons/imaging/ImageParser.java,953,953
close,UPM_UNCALLED_PRIVATE_METHOD,commons-imaging,b554b90f862c38959c3e848cd1f8695da2445185,src/main/java/org/apache/commons/imaging/formats/png/PngWriter.java,254,261
unknown,PZLA_PREFER_ZERO_LENGTH_ARRAYS,commons-imaging,3cb7fed47c26f63f663ae6ba28c08d2ced2d16cc,src/main/java/org/apache/commons/imaging/common/BinaryFileFunctions.java,276,276
close,RCN_REDUNDANT_NULLCHECK_OF_NONNULL_VALUE,commons-imaging,85e695639a1d09ce5ba495468c65a6744c8bcc5e,src/main/java/org/apache/commons/imaging/formats/png/PngImageParser.java,254,254
unknown,MC_OVERRIDABLE_METHOD_CALL_IN_CONSTRUCTOR,commons-imaging,d2ec76bd10f30c39ae5180ede1254908e76045f0,src/main/java/org/apache/commons/imaging/formats/png/chunks/PngChunkText.java,45,45
unknown,PZLA_PREFER_ZERO_LENGTH_ARRAYS,commons-imaging,3cb7fed47c26f63f663ae6ba28c08d2ced2d16cc,src/main/java/org/apache/commons/imaging/common/BinaryFileFunctions.java,870,870
unknown,MC_OVERRIDABLE_METHOD_CALL_IN_CONSTRUCTOR,commons-imaging,c6b2e897f05eec5de4e5c56cd93bc11b6adbc02e,src/main/java/org/apache/commons/imaging/formats/jpeg/segments/ComSegment.java,35,35
open,PZLA_PREFER_ZERO_LENGTH_ARRAYS,commons-imaging,d1cb5e67a233c1371f898176cd30ce00de4481be,src/main/java/org/apache/commons/imaging/formats/png/PngImageParser.java,283,283
close,EI_EXPOSE_REP,commons-imaging,d30f682109b66580ec683a683ce08320bf113eed,src/main/java/org/apache/commons/imaging/common/FastByteArrayOutputStream.java,51,51
close,NM_METHOD_NAMING_CONVENTION,commons-imaging,e6cccde796ab8d86c7e8cd50357241bb65013b57,src/main/java/org/apache/commons/imaging/common/mylzw/MyLzwCompressor.java,61,73
close,URF_UNREAD_FIELD,commons-imaging,b5f27dde0f4786740fb5a133faeed98dd9d0ad3e,src/main/java/org/apache/commons/imaging/formats/jpeg/segments/DhtSegment.java,49,49
close,DLS_DEAD_LOCAL_STORE,commons-imaging,2d6558e10a869036a1cadbe16470abeedf70bbe1,src/main/java/org/apache/commons/imaging/formats/gif/GifImageParser.java,1020,1020
close,PZLA_PREFER_ZERO_LENGTH_ARRAYS,commons-imaging,3760425321d2c42355805a806f59768dc225563b,src/main/java/org/apache/commons/imaging/common/BinaryFunctions.java,193,193
unknown,EI_EXPOSE_REP,commons-imaging,f78418f4c2b29ec899458a8754068bb418c41dec,src/main/java/org/apache/commons/imaging/formats/jpeg/segments/DhtSegment.java,127,127
unknown,UPM_UNCALLED_PRIVATE_METHOD,commons-imaging,2d6558e10a869036a1cadbe16470abeedf70bbe1,src/main/java/org/apache/commons/imaging/formats/psd/PsdImageParser.java,591,598
close,URF_UNREAD_PUBLIC_OR_PROTECTED_FIELD,commons-imaging,23797b80bd4f6f1e63dcb9696cae24a606c3156e,src/main/java/org/apache/commons/imaging/formats/png/chunks/PngChunk.java,33,33
unknown,PZLA_PREFER_ZERO_LENGTH_ARRAYS,commons-imaging,3cb7fed47c26f63f663ae6ba28c08d2ced2d16cc,src/main/java/org/apache/commons/imaging/common/BinaryInputStream.java,272,272
close,RCN_REDUNDANT_NULLCHECK_OF_NONNULL_VALUE,commons-imaging,85e695639a1d09ce5ba495468c65a6744c8bcc5e,src/main/java/org/apache/commons/imaging/formats/png/PngImageParser.java,510,510
unknown,SE_COMPARATOR_SHOULD_BE_SERIALIZABLE,commons-imaging,2d6558e10a869036a1cadbe16470abeedf70bbe1,src/main/java/org/apache/commons/imaging/palette/MedianCutMostPopulatedBoxesImplementation.java,137,155
close,NM_METHOD_NAMING_CONVENTION,commons-imaging,e6cccde796ab8d86c7e8cd50357241bb65013b57,src/main/java/org/apache/commons/imaging/formats/png/scanlinefilters/ScanlineFilterPaeth.java,32,43
close,URF_UNREAD_PUBLIC_OR_PROTECTED_FIELD,commons-imaging,d2ec76bd10f30c39ae5180ede1254908e76045f0,src/main/java/org/apache/commons/imaging/formats/jpeg/segments/SosSegment.java,93,93
open,URF_UNREAD_FIELD,commons-imaging,b5f27dde0f4786740fb5a133faeed98dd9d0ad3e,src/main/java/org/apache/commons/imaging/formats/jpeg/segments/App13Segment.java,44,44
unknown,MS_MUTABLE_ARRAY,commons-imaging,b5b3e16c4bd73e59b3b1fc2a3c5769836fbfe4ba,src/main/java/org/apache/commons/imaging/formats/tiff/constants/GpsTagConstants.java,35,35
close,URF_UNREAD_PUBLIC_OR_PROTECTED_FIELD,commons-imaging,e6cccde796ab8d86c7e8cd50357241bb65013b57,src/main/java/org/apache/commons/imaging/formats/jpeg/segments/SosSegment.java,93,93
close,RCN_REDUNDANT_NULLCHECK_OF_NONNULL_VALUE,commons-imaging,85e695639a1d09ce5ba495468c65a6744c8bcc5e,src/main/java/org/apache/commons/imaging/formats/png/PngImageParser.java,666,666
unknown,OS_OPEN_STREAM,commons-imaging,2d6558e10a869036a1cadbe16470abeedf70bbe1,src/main/java/org/apache/commons/imaging/common/itu_t4/T4AndT6Compression.java,149,149
unknown,PZLA_PREFER_ZERO_LENGTH_ARRAYS,commons-imaging,3cb7fed47c26f63f663ae6ba28c08d2ced2d16cc,src/main/java/org/apache/commons/imaging/common/BinaryFileFunctions.java,763,763
close,EI_EXPOSE_REP,commons-imaging,352a90edf950ddf4e6e23a2c4ea8a29bc6f9960f,src/main/java/org/apache/commons/imaging/formats/tiff/TiffImageMetadata.java,213,213
unknown,MC_OVERRIDABLE_METHOD_CALL_IN_CONSTRUCTOR,commons-imaging,d2ec76bd10f30c39ae5180ede1254908e76045f0,src/main/java/org/apache/commons/imaging/formats/jpeg/segments/SofnSegment.java,57,57
close,EI_EXPOSE_REP2,commons-imaging,007ed9dc19bfcbf96ac1f745134299ce4b4bc32e,src/main/java/org/apache/commons/imaging/formats/png/PngImageInfo.java,42,42
unknown,UPM_UNCALLED_PRIVATE_METHOD,commons-imaging,2d6558e10a869036a1cadbe16470abeedf70bbe1,src/main/java/org/apache/commons/imaging/formats/tiff/write/TiffImageWriterLossless.java,60,89
close,URF_UNREAD_PUBLIC_OR_PROTECTED_FIELD,commons-imaging,e6cccde796ab8d86c7e8cd50357241bb65013b57,src/main/java/org/apache/commons/imaging/icc/IccProfileInfo.java,61,61
open,JUA_DONT_ASSERT_INSTANCEOF_IN_TESTS,commons-collections,8accf274ba10b7ed0a6659c7f34bb45d72d7c4ce,src/test/java/org/apache/commons/collections4/IteratorUtilsTest.java,1133,1133
close,DCN_NULLPOINTER_EXCEPTION,commons-collections,75c8ade02e53bcf18ad85ed96586ad55d4fa9706,src/test/java/org/apache/commons/collections4/SetUtilsTest.java,214,214
close,DCN_NULLPOINTER_EXCEPTION,commons-collections,75c8ade02e53bcf18ad85ed96586ad55d4fa9706,src/test/java/org/apache/commons/collections4/SetUtilsTest.java,295,295
close,SIC_INNER_SHOULD_BE_STATIC_ANON,commons-collections,8accf274ba10b7ed0a6659c7f34bb45d72d7c4ce,src/test/java/org/apache/commons/collections4/IteratorUtilsTest.java,942,942
open,UC_USELESS_OBJECT,commons-collections,2ec7843b940424bdb7e0cf0093062dff67946d5d,src/test/java/org/apache/commons/collections4/list/SetUniqueListTest.java,509,509
open,JUA_DONT_ASSERT_INSTANCEOF_IN_TESTS,commons-collections,8accf274ba10b7ed0a6659c7f34bb45d72d7c4ce,src/test/java/org/apache/commons/collections4/IteratorUtilsTest.java,1132,1132
unknown,DCN_NULLPOINTER_EXCEPTION,commons-collections,8accf274ba10b7ed0a6659c7f34bb45d72d7c4ce,src/test/java/org/apache/commons/collections4/IteratorUtilsTest.java,969,969
close,THROWS_METHOD_THROWS_CLAUSE_BASIC_EXCEPTION,commons-collections,11eca16f4a8b2e22c7271cae1fe9f23608bfb98e,src/test/java/org/apache/commons/collections4/keyvalue/MultiKeyTest.java,45,46
unknown,DCN_NULLPOINTER_EXCEPTION,commons-collections,8accf274ba10b7ed0a6659c7f34bb45d72d7c4ce,src/test/java/org/apache/commons/collections4/IteratorUtilsTest.java,126,126
unknown,DCN_NULLPOINTER_EXCEPTION,commons-collections,8accf274ba10b7ed0a6659c7f34bb45d72d7c4ce,src/test/java/org/apache/commons/collections4/IteratorUtilsTest.java,1078,1078
close,RC_REF_COMPARISON,commons-collections,2ec7843b940424bdb7e0cf0093062dff67946d5d,src/test/java/org/apache/commons/collections4/list/SetUniqueListTest.java,575,575
close,BC_VACUOUS_INSTANCEOF,commons-collections,68747912d250cdb8813b941ed65356a0bcc92135,src/test/java/org/apache/commons/collections4/IteratorUtilsTest.java,679,679
unknown,JUA_DONT_ASSERT_INSTANCEOF_IN_TESTS,commons-collections,75c8ade02e53bcf18ad85ed96586ad55d4fa9706,src/test/java/org/apache/commons/collections4/SetUtilsTest.java,122,122
unknown,DCN_NULLPOINTER_EXCEPTION,commons-collections,8accf274ba10b7ed0a6659c7f34bb45d72d7c4ce,src/test/java/org/apache/commons/collections4/IteratorUtilsTest.java,214,214
close,THROWS_METHOD_THROWS_CLAUSE_BASIC_EXCEPTION,commons-collections,11eca16f4a8b2e22c7271cae1fe9f23608bfb98e,src/test/java/org/apache/commons/collections4/keyvalue/MultiKeyTest.java,50,51
open,JUA_DONT_ASSERT_INSTANCEOF_IN_TESTS,commons-collections,8accf274ba10b7ed0a6659c7f34bb45d72d7c4ce,src/test/java/org/apache/commons/collections4/IteratorUtilsTest.java,1138,1138
unknown,DCN_NULLPOINTER_EXCEPTION,commons-collections,8accf274ba10b7ed0a6659c7f34bb45d72d7c4ce,src/test/java/org/apache/commons/collections4/IteratorUtilsTest.java,190,190
open,THROWS_METHOD_THROWS_CLAUSE_BASIC_EXCEPTION,commons-collections,8accf274ba10b7ed0a6659c7f34bb45d72d7c4ce,src/test/java/org/apache/commons/collections4/IteratorUtilsTest.java,1121,1123
unknown,DCN_NULLPOINTER_EXCEPTION,commons-collections,8accf274ba10b7ed0a6659c7f34bb45d72d7c4ce,src/test/java/org/apache/commons/collections4/IteratorUtilsTest.java,163,163
close,BC_VACUOUS_INSTANCEOF,commons-collections,68747912d250cdb8813b941ed65356a0bcc92135,src/test/java/org/apache/commons/collections4/IteratorUtilsTest.java,566,566
close,BC_VACUOUS_INSTANCEOF,commons-collections,68747912d250cdb8813b941ed65356a0bcc92135,src/test/java/org/apache/commons/collections4/IteratorUtilsTest.java,646,646
unknown,DCN_NULLPOINTER_EXCEPTION,commons-collections,eed8a7adb3de7441751e846f4a75d110dd205f23,src/test/java/org/apache/commons/collections4/multimap/AbstractMultiValuedMapTest.java,599,599
unknown,UWF_FIELD_NOT_INITIALIZED_IN_CONSTRUCTOR,commons-collections,75c8ade02e53bcf18ad85ed96586ad55d4fa9706,src/test/java/org/apache/commons/collections4/SetUtilsTest.java,225,225
open,THROWS_METHOD_THROWS_CLAUSE_BASIC_EXCEPTION,commons-collections,8accf274ba10b7ed0a6659c7f34bb45d72d7c4ce,src/test/java/org/apache/commons/collections4/IteratorUtilsTest.java,1103,1116
close,DCN_NULLPOINTER_EXCEPTION,commons-collections,75c8ade02e53bcf18ad85ed96586ad55d4fa9706,src/test/java/org/apache/commons/collections4/SetUtilsTest.java,132,132
unknown,SE_BAD_FIELD_INNER_CLASS,commons-collections,2ec7843b940424bdb7e0cf0093062dff67946d5d,src/test/java/org/apache/commons/collections4/list/SetUniqueListTest.java,587,589
open,JUA_DONT_ASSERT_INSTANCEOF_IN_TESTS,commons-collections,8accf274ba10b7ed0a6659c7f34bb45d72d7c4ce,src/test/java/org/apache/commons/collections4/IteratorUtilsTest.java,1137,1137
close,RC_REF_COMPARISON,commons-collections,2ec7843b940424bdb7e0cf0093062dff67946d5d,src/test/java/org/apache/commons/collections4/list/SetUniqueListTest.java,574,574
close,DCN_NULLPOINTER_EXCEPTION,commons-collections,75c8ade02e53bcf18ad85ed96586ad55d4fa9706,src/test/java/org/apache/commons/collections4/SetUtilsTest.java,242,242
close,DCN_NULLPOINTER_EXCEPTION,commons-collections,75c8ade02e53bcf18ad85ed96586ad55d4fa9706,src/test/java/org/apache/commons/collections4/SetUtilsTest.java,235,235
unknown,BC_VACUOUS_INSTANCEOF,commons-collections,8accf274ba10b7ed0a6659c7f34bb45d72d7c4ce,src/test/java/org/apache/commons/collections4/IteratorUtilsTest.java,1133,1133
open,JUA_DONT_ASSERT_INSTANCEOF_IN_TESTS,commons-collections,8accf274ba10b7ed0a6659c7f34bb45d72d7c4ce,src/test/java/org/apache/commons/collections4/IteratorUtilsTest.java,1136,1136
open,JUA_DONT_ASSERT_INSTANCEOF_IN_TESTS,commons-collections,8accf274ba10b7ed0a6659c7f34bb45d72d7c4ce,src/test/java/org/apache/commons/collections4/IteratorUtilsTest.java,1134,1134
unknown,JUA_DONT_ASSERT_INSTANCEOF_IN_TESTS,commons-collections,68747912d250cdb8813b941ed65356a0bcc92135,src/test/java/org/apache/commons/collections4/IteratorUtilsTest.java,1139,1139
unknown,DCN_NULLPOINTER_EXCEPTION,commons-collections,8accf274ba10b7ed0a6659c7f34bb45d72d7c4ce,src/test/java/org/apache/commons/collections4/IteratorUtilsTest.java,207,207
close,DCN_NULLPOINTER_EXCEPTION,commons-collections,75c8ade02e53bcf18ad85ed96586ad55d4fa9706,src/test/java/org/apache/commons/collections4/SetUtilsTest.java,272,272
unknown,SIC_INNER_SHOULD_BE_STATIC_ANON,commons-collections,75c8ade02e53bcf18ad85ed96586ad55d4fa9706,src/test/java/org/apache/commons/collections4/SetUtilsTest.java,115,115
close,DCN_NULLPOINTER_EXCEPTION,commons-collections,75c8ade02e53bcf18ad85ed96586ad55d4fa9706,src/test/java/org/apache/commons/collections4/SetUtilsTest.java,126,126
open,JUA_DONT_ASSERT_INSTANCEOF_IN_TESTS,commons-collections,8accf274ba10b7ed0a6659c7f34bb45d72d7c4ce,src/test/java/org/apache/commons/collections4/IteratorUtilsTest.java,1135,1135
unknown,DM_NUMBER_CTOR,commons-collections,2ec7843b940424bdb7e0cf0093062dff67946d5d,src/test/java/org/apache/commons/collections4/list/SetUniqueListTest.java,198,198
close,DCN_NULLPOINTER_EXCEPTION,commons-collections,75c8ade02e53bcf18ad85ed96586ad55d4fa9706,src/test/java/org/apache/commons/collections4/SetUtilsTest.java,265,265
open,UC_USELESS_OBJECT,commons-collections,2ec7843b940424bdb7e0cf0093062dff67946d5d,src/test/java/org/apache/commons/collections4/list/SetUniqueListTest.java,490,490
